{
  "number_memory": 0.0,
  "color_memory": 1.0,
  "name_memory": 0.0,
  "multi_fact": 0.3333333333333333,
  "average": 0.3333333333333333
}